https://nhadat24h.net/ban-bat-dong-san-chinh-chu-tai-viet-nam-nha-dat-chinh-chu-tai-viet-nam-s295637/;ad-leasing;tp-house
https://muaban.net/ban-dat-toan-quoc-l0-c31;ad-selling;tp-none
https://dothi.net/ban-can-ho-chung-cu/p1.htm;ad-selling;tp-apartment
https://batdongsan.com.vn/ban-nha-mat-pho;ad-selling;tp-house
http://www.muabannhadat.vn/nha-ban-3513;ad-selling;tp-house
https://nhadat24h.net/ban-nha-lien-ke-dat-du-an-tai-viet-nam-s301158/;ad-selling;tp-house
https://muaban.net/sang-nhuong-cua-hang-toan-quoc-l0-c33;ad-selling;tp-house
https://nhabansg.vn/;ad-selling;tp-house
https://nhadat24h.net/ban-nha-trong-ngo-tren-3m-tai-viet-nam-s296953/;ad-selling;tp-house
https://alonhadat.com.vn/nha-dat/can-ban/phong-tro-nha-tro.html;ad-selling;tp-house
https://alonhadat.com.vn/nha-dat/cho-thue/nha-hang-khach-san.html;ad-leasing;tp-house
https://nhadat24h.net/ban-nha-mat-pho-tai-viet-nam-s295500/;ad-selling;tp-house
http://www.muabannhadat.vn/dat-ban-3515;ad-selling;tp-none
https://muaban.net/cho-thue-nha-dat-toan-quoc-l0-c34;ad-leasing;tp-house
https://nhadat24h.net/ban-biet-thu-dat-biet-thu-viet-nam-s311706/;ad-selling;tp-house
https://alonhadat.com.vn/nha-dat/cho-thue/trang-trai.html;ad-leasing;tp-house
https://muaban.net/ban-nha-can-ho-toan-quoc-l0-c32;ad-selling;tp-apartment
https://www.nhadat.net/cho-thue-can-ho;ad-leasing;tp-apartment
https://nhadat24h.net/ban-chung-cu-tai-viet-nam-s303354/;ad-selling;tp-apartment
http://www.muabannhadat.vn/mat-bang-ban-3516;ad-selling;tp-none
https://www.nhadat.net/ban-can-ho;ad-selling;tp-apartment
https://batdongsan.com.vn/ban-nha-biet-thu-lien-ke;ad-selling;tp-house
https://nhadat24h.net/ban-nha-trong-ngo-duoi-3m-tai-viet-nam-s296270/;ad-selling;tp-house
http://www.muabannhadat.vn/mat-bang-cho-thue-3521;ad-leasing;tp-none
https://nhabansg.vn/;ad-selling;tp-house
https://batdongsan.com.vn/ban-nha-rieng;ad-selling;tp-house
https://www.nhadat.net/cho-thue-kho-xuong;ad-leasing;tp-house
https://nhadat24h.net/ban-dat-o-dat-tho-cu-tai-viet-nam-s296232/;ad-selling;tp-none
http://www.muabannhadat.vn/nha-cho-thue-3518;ad-leasing;tp-house
https://alonhadat.com.vn/nha-dat/can-ban/van-phong.html;ad-selling;tp-house
https://www.nhadat.net/cho-thue-mat-bang;ad-leasing;tp-house
https://nhadat24h.net/cho-thue-dat-trang-trai-tai-viet-nam-s646203/;ad-leasing;tp-none
https://www.nhadat.net/ban-kho-xuong;ad-selling;tp-house
https://nhabansg.vn/;ad-selling;tp-house
http://www.muabannhadat.vn/can-ho-ban-3514;ad-selling;tp-apartment
https://nhadat24h.net/ban-khach-san-nha-hang-tai-viet-nam-s324272/;ad-selling;tp-house
https://www.nhadat.net/cho-thue-nha;ad-leasing;tp-house
https://www.nhadat.net/cho-thue-dat;ad-leasing;tp-none
https://nhadat24h.net/cho-thue-nha-dat-chinh-chu-tai-viet-nam-s1325367/;ad-leasing;tp-house
https://www.nhadat.net/ban-phong-tro;ad-selling;tp-house
https://batdongsan.com.vn/ban-can-ho-chung-cu;ad-selling;tp-apartment
https://nhadat24h.net/ban-dat-trang-trai-tai-viet-nam-s309498/;ad-selling;tp-none
https://dothi.net/ban-dat-dat-nen/p1.htm;ad-selling;tp-non
https://www.nhadat.net/cho-thue-phong-tro;ad-leasing;tp-house
https://www.nhadat.net/ban-mat-bang;ad-selling;tp-none
https://nhadat24h.net/cho-thue-chung-cu-tai-viet-nam-s646190/;ad-leasing;tp-apartment
https://nhabansg.vn/;ad-selling;tp-house
https://www.nhadat.net/ban-nha;ad-selling; tp-house
https://nhadat24h.net/cho-thue-nha-mat-pho-tai-viet-nam-s646206/;ad-leasing;tp-house
http://www.muabannhadat.vn/kho-xuong-cho-thue-3522;ad-leasing;tp-house
https://www.nhadat.net/ban-dat;ad-selling;tp-none
https://batdongsan.com.vn/nha-dat-cho-thue;ad-leasing;tp-house
https://nhabansg.vn/;ad-selling;tp-house
https://nhadat24h.net/cho-thue-phong-tro-nha-tro-tai-viet-nam-s646196/;ad-leasing;tp-house
https://dothi.net/ban-nha-dat/p1.htm;ad-selling;tp-house
https://nhabansg.vn/;ad-selling;tp-house
https://batdongsan.com.vn/ban-dat;ad-selling;tp-none
https://nhadat24h.net/cho-thue-nha-lien-ke-dat-du-an-tai-viet-nam-s646188/;ad-leasing;tp-house
http://www.muabannhadat.vn/dat-cho-thue-3520;ad-leasing;tp-none
https://alonhadat.com.vn/nha-dat/cho-thue/biet-thu-nha-lien-ke.html;ad-leasing;tp-house
https://alonhadat.com.vn/nha-dat/cho-thue/can-ho-chung-cu.html;ad-leasing;tp-apartment
https://nhadat24h.net/cho-thue-mat-bang-nha-xuong-tai-viet-nam-s646195/;ad-leasing;tp-house
https://alonhadat.com.vn/nha-dat/cho-thue/van-phong.html;ad-leasing;tp-house
https://nhabansg.vn/;ad-selling;tp-house
https://nhadat24h.net/ban-dat-dich-vu-den-bu-tai-viet-nam-s297608/;ad-selling;tp-none
https://alonhadat.com.vn/nha-dat/cho-thue/dat-tho-cu-dat-o.html;ad-leasing;tp-none
https://alonhadat.com.vn/nha-dat/cho-thue/dat-nen-lien-ke-dat-du-an.html;ad-leasing;tp-none
https://nhadat24h.net/cho-thue-nha-trong-ngo-tren-3m-tai-viet-nam-s646176/;ad-leasing;tp-house
https://alonhadat.com.vn/nha-dat/cho-thue/dat-nong-lam-nghiep.html;ad-leasing;tp-none
https://batdongsan.com.vn/ban-trang-trai-khu-nghi-duong;ad-selling;tp-none
https://nhadat24h.net/cho-thue-biet-thu-dat-biet-thu-viet-nam-s646192/;ad-leasing;tp-house
https://alonhadat.com.vn/nha-dat/cho-thue/mat-bang.html;ad-leasing;tp-house
http://www.muabannhadat.vn/can-ho-cho-thue-3519;ad-leasing;tp-apartment
https://alonhadat.com.vn/nha-dat/cho-thue/phong-tro-nha-tro.html;ad-leasing;tp-house
https://alonhadat.com.vn/nha-dat/cho-thue/shop-kiot-quan.html;ad-leasing;tp-house
https://nhabansg.vn/;ad-selling;tp-house
http://diaoconline.vn/sieu-thi/loc/?tindang=2&pi=1;ad-leasing;tp-house
https://batdongsan.com.vn/ban-loai-bat-dong-san-khac;ad-selling;tp-house
https://alonhadat.com.vn/nha-dat/cho-thue/kho-xuong.html;ad-leasing;tp-house
https://alonhadat.com.vn/nha-dat/cho-thue/cac-loai-khac.html;ad-leasing;tp-house
https://dothi.net/cho-thue-can-ho-chung-cu/p1.htm;ad-leasing;tp-apartment
https://alonhadat.com.vn/nha-dat/can-ban.html;ad-selling;tp-house
https://alonhadat.com.vn/can-ban-nha.htm;ad-selling;tp-house
https://batdongsan.com.vn/nha-dat-ban;ad-selling;tp-house
https://alonhadat.com.vn/nha-dat/can-ban/biet-thu-nha-lien-ke.html;ad-selling;tp-house
https://nhabansg.vn/;ad-selling;tp-house
https://alonhadat.com.vn/nha-dat/can-ban/dat-tho-cu-dat-o.html;ad-selling;tp-none
https://alonhadat.com.vn/nha-dat/can-ban/can-ho-chung-cu.html;ad-selling;tp-apartment
https://alonhadat.com.vn/nha-dat/can-ban/dat-nen-lien-ke-dat-du-an.html;ad-selling;tp-none
https://alonhadat.com.vn/nha-dat/can-ban/dat-nong-lam-nghiep.html;ad-selling;tp-none
https://dothi.net/cho-thue-nha-rieng/p1.htm;ad-leasing;tp-house
https://alonhadat.com.vn/nha-dat/can-ban/trang-trai.html;ad-selling;tp-none
https://batdongsan.com.vn/ban-kho-nha-xuong;ad-selling;tp-house
https://alonhadat.com.vn/nha-dat/can-ban/mat-bang.html;ad-selling;tp-none
https://nhabansg.vn/;ad-selling;tp-house
https://alonhadat.com.vn/nha-dat/can-ban/nha-hang-khach-san.html;ad-selling;tp-house
https://alonhadat.com.vn/nha-dat/can-ban/shop-kiot-quan.html;ad-selling;tp-house
https://batdongsan.com.vn/ban-dat-nen-du-an;ad-selling;tp-none
http://www.muabannhadat.vn/kho-xuong-ban-3517;ad-selling;tp-house
https://alonhadat.com.vn/nha-dat/can-ban/kho-xuong.html;ad-selling;tp-house
https://alonhadat.com.vn/nha-dat/can-ban/cac-loai-khac.html;ad-selling;tp-house
https://alonhadat.com.vn/cho-thue-nha.htm;ad-leasing;tp-house
https://nhabansg.vn/;ad-selling;tp-house
http://diaoconline.vn/sieu-thi/loc/?tindang=1&pi=1;ad-selling;tp-house
https://nhadat24h.net/cho-thue-khach-san-nha-hang-tai-viet-nam-s646201/;ad-leasing;tp-house